id,name,type
548,Калибровка,Операция
15,Петля мебельная 4-х точечная,Материал
834,Уплотнитель для стекла,Материал
27,Покраска эмалью,Операция
712,Амортизатор для крышки стола,Материал
913,Разгрузка,Операция
8,Упаковка,Операция
445,Направляющая шариковая 450мм,Материал
267,Колесо мебельное с тормозом,Материал
18,Замок мебельный,Материал
629,Браширование,Операция
3,Мебельная деталь 600х800,Материал
791,Полировка,Операция
584,Дюбель пластиковый 6х30,Материал
234,Задняя стенка ДВП 3мм,Материал
11,МДФ 10мм,Материал
456,Магнит мебельный,Материал
876,Фрезеровка пазов,Операция
29,Обивка мягких элементов,Операция
148,Цокольные ножки 100мм,Материал
723,Петля мебельная 2-х точечная,Материал
6,"Распил ДСП, МДФ и листового материала",Операция
362,Лакировка,Операция
953,Зеркало 4мм,Материал
21,Клей ПВА столярный,Материал
668,Роликовый механизм для дверей,Материал
891,"Кромка меламиновая 0,4мм",Материал
13,Конфирмат 7х50,Материал
541,Установка зеркала,Операция
2,Мебельная деталь 500х800,Материал
815,Морение,Операция
387,Труба хромированная 16мм,Материал
25,Стекло закаленное 4мм,Материал
7,Сборка модулей,Операция
967,Ножки мебельные металлические,Материал
473,Патинирование,Операция
17,Ручка-скоба 128мм,Материал
762,Монтаж подсветки,Операция
593,Планка цокольная,Материал
1,"Евровинт 6,5х5",Материал
934,Роспись,Операция
273,Профиль алюминиевый для фасада,Материал
287,Торцовка кромок,Операция
10,ДСП 16мм венге,Материал
821,Финальная проверка,Операция
671,Поролон стандартный 20мм,Материал
16,Направляющая шариковая 300мм,Материал
5,Столешница круглая,Материал
915,Фланец для трубы,Материал
321,Механизм трансформации дивана,Материал
22,Лак акриловый бесцветный,Материал
724,Штанга для одежды 1200мм,Материал
187,Установка стекла,Операция
9,ДСП 16мм белая,Материал
419,Сверление отверстий,Операция
847,ДСП 25мм дуб,Материал
24,Поролон стандартный 40мм,Материал
654,Присадка фурнитуры,Операция
14,"Саморез 3,5х16",Материал
894,Обрешетка,Операция
4,Опора,Материал
542,Заглушка для трубы,Материал
28,Нанесение кромки,Операция
776,Грунт по дереву,Материал
19,Опора регулируемая 100мм,Материал
923,Склеивание деталей,Операция
12,Фанера березовая 10мм,Материал
369,Термообработка,Операция
20,Кромка ПВХ 2мм белая,Материал
698,Логистика до склада,Операция
306,Полкодержатель металлический,Материал
26,Шлифовка поверхности,Операция
862,Лифт для фасада,Материал
178,Шкант деревянный 8х30,Материал
30,Контроль качества,Операция
491,Доводчик для петель,Материал
23,"Ткань велюр ""Изумруд""",Материал
739,Уголок мебельный скрытый,Материал
392,Фанера березовая 4мм,Материал
502,"Морилка водная ""Дуб""",Материал
189,Щетка-шлегель для шкафа-купе,Материал
561,Саморез 4х40,Материал
889,"Ткань шенилл ""Беж""",Материал
158,Сетчатая корзина для шкафа,Материал
618,Кромка ПВХ 2мм венге,Материал
338,"Ткань рогожка ""Серая""",Материал
958,Чистка поверхности,Операция
44,Экокожа черная,Материал
274,Погрузка,Операция
127,Стекло тонированное 4мм,Материал
714,Сушка,Операция
219,Синтепон 100 г/кв.м,Материал
147,Сортировка,Операция
582,Инвентаризация,Операция
154,Клей-расплав для кромки,Материал
427,Маркировка,Операция
673,Формирование комплекта,Операция
245,Фотофиксация,Операция
132,Удаление пыли,Операция
587,Обработка антисептиком,Операция
456,Сертификация,Операция
318,Упаковка в стрейч-пленку,Операция
258,Декупаж,Операция