id,order_id,product_id,quantity
1,1,1,2
48,47,69,3
15,12,83,1
92,89,20,2
27,23,306,1
163,156,942,4
38,34,881,2
81,78,398,1
8,5,1,5
118,112,12,3
71,67,69,2
95,91,83,1
22,18,20,2
149,143,306,1
33,29,942,3
87,84,881,2
56,52,398,1
174,167,1,1
44,41,12,2
101,96,69,4
19,15,83,1
134,128,20,3
76,73,306,2
41,38,942,1
196,189,881,2
59,56,398,1
109,104,1,3
24,21,12,2
153,147,69,1
66,62,83,2
91,87,20,1
36,33,306,3
179,172,942,2
51,48,881,1
124,119,398,4
79,76,1,2
141,134,12,1
31,27,69,3
103,98,83,2
47,44,20,1
168,161,306,2
73,69,942,1
113,108,881,3
23,19,398,2
144,137,1,1
86,82,12,4
58,55,69,2
201,193,83,1
39,36,20,3
121,115,306,2
74,71,942,1
156,149,881,2
28,24,398,1
98,94,1,3
175,168,12,2
46,43,69,1
132,126,83,4
62,59,20,2
188,181,306,1
81,77,942,3
107,102,881,2
18,14,398,1
161,154,1,2
42,39,12,1
123,117,69,3
68,64,83,2
148,142,20,1
31,26,306,4
93,88,942,2
182,175,881,1