id,customer_id,order_date,status
1,000000002,2026-04-22,В работе
47,000000008,2026-05-15,Отгружен
12,000000010,2026-04-28,Новый
89,000000002,2026-06-03,В работе
23,000000008,2026-05-02,Отменен
156,000000001,2026-06-18,Новый
34,000000003,2026-05-08,В работе
78,000000009,2026-05-29,Отгружен
5,000000010,2026-04-25,Отгружен
112,000000002,2026-06-12,В работе
67,000000008,2026-05-22,Новый
91,000000001,2026-06-05,В работе
18,000000003,2026-04-30,Отгружен
143,000000009,2026-06-15,Отменен
29,000000010,2026-05-05,В работе
84,000000002,2026-06-01,Новый
52,000000008,2026-05-18,Отгружен
167,000000001,2026-06-20,В работе
41,000000003,2026-05-11,Отменен
96,000000009,2026-06-08,Новый
15,000000010,2026-04-29,В работе
128,000000002,2026-06-14,Отгружен
73,000000008,2026-05-25,В работе
38,000000001,2026-05-09,Новый
189,000000003,2026-06-22,Отгружен
56,000000009,2026-05-19,Отменен
104,000000010,2026-06-10,В работе
21,000000002,2026-05-01,Новый
147,000000008,2026-06-16,Отгружен
62,000000001,2026-05-21,В работе
87,000000003,2026-06-02,Отменен
33,000000009,2026-05-07,Новый
172,000000010,2026-06-21,В работе
48,000000002,2026-05-16,Отгружен
119,000000008,2026-06-13,В работе
76,000000001,2026-05-27,Новый
134,000000003,2026-06-15,Отгружен
27,000000009,2026-05-04,Отменен
98,000000010,2026-06-09,В работе
44,000000002,2026-05-14,Новый
161,000000008,2026-06-19,Отгружен
69,000000001,2026-05-23,В работе
108,000000003,2026-06-11,Отменен
19,000000009,2026-04-30,Новый
137,000000010,2026-06-16,В работе
82,000000002,2026-05-30,Отгружен
55,000000008,2026-05-18,В работе
193,000000001,2026-06-23,Новый
36,000000003,2026-05-08,Отменен
115,000000009,2026-06-12,Отгружен
71,000000010,2026-05-24,В работе
149,000000002,2026-06-17,Новый
24,000000008,2026-05-03,Отгружен
94,000000001,2026-06-07,В работе
168,000000003,2026-06-20,Отменен
43,000000009,2026-05-13,Новый
126,000000010,2026-06-14,Отгружен
59,000000002,2026-05-20,В работе
181,000000008,2026-06-22,Новый
77,000000001,2026-05-28,Отгружен
102,000000003,2026-06-10,В работе
14,000000009,2026-04-28,Отменен
154,000000010,2026-06-18,Новый
39,000000002,2026-05-10,Отгружен
117,000000008,2026-06-13,В работе
64,000000001,2026-05-22,Новый
142,000000003,2026-06-16,Отгружен
26,000000009,2026-05-04,Отменен
88,000000010,2026-06-03,В работе
175,000000002,2026-06-21,Новый