id,item_id,item_type,price
317,739,Материал,35
114,14,Материал,180
203,69,Товар,4200
428,189,Материал,25
124,24,Материал,350
208,881,Товар,7800
107,7,Операция,1400
424,915,Материал,45
313,219,Материал,45
119,19,Материал,45
430,456,Материал,25
120,20,Материал,15
425,542,Материал,15
205,20,Товар,18500
102,2,Материал,37.5
312,671,Материал,180
117,17,Материал,180
201,1,Товар,14120
422,724,Материал,380
128,28,Операция,150
316,584,Материал,200
426,273,Материал,280
121,21,Материал,280
104,4,Материал,145.71875
319,862,Материал,450
109,9,Материал,450
116,16,Материал,250
118,18,Материал,320
126,26,Операция,300
122,22,Материал,650
427,668,Материал,850
123,23,Материал,850
315,127,Материал,1400
105,5,Материал,1242.5
421,158,Материал,1200
125,25,Материал,1200
129,29,Операция,1200
112,12,Материал,1500
314,953,Материал,1500
113,13,Материал,750
111,11,Материал,550
110,10,Материал,480
101,1,Материал,432.083333
103,3,Материал,17.125
106,6,Операция,450
108,8,Операция,1900
115,15,Материал,120
423,387,Материал,150
127,27,Операция,800
311,44,Материал,950
202,12,Товар,8500
204,83,Товар,25000
206,306,Товар,32000
207,942,Товар,3500
209,398,Товар,4500
210,887,Товар,45000
318,306,Материал,12
320,491,Материал,85
429,834,Материал,35
130,30,Операция,200