id,name,category
1,"Стол кухонный ""Самобранка""",Кухня
842,"Шкаф-купе ""Мирож""",Спальня
115,"Кресло-груша ""Комфорт""",Гостиная
509,Тумба под обувь с сиденьем,Прихожая
33,"Полка настенная ""Лофт""",Гостиная
712,"Кровать-трансформер ""Умница""",Детская
99,"Вешалка настенная ""Ветвь""",Прихожая
204,"Стол-книжка ""Классика""",Кухня
611,"Комод узкий ""Минимал""",Спальня
45,"Стеллаж угловой ""Спектр""",Офис
887,"Диван модульный ""Архипелаг""",Гостиная
156,"Тумба ТВ ""Модерн""",Гостиная
320,"Кресло офисное ""Директор""",Офис
77,"Зеркало напольное ""Рост""",Спальня
543,"Шкаф пенал ""Верона""",Ванная
901,Стол детский регулируемый,Детская
28,"Журнальный столик ""Кофе""",Гостиная
674,"Пуф круглый ""Снежок""",Гостиная
112,"Банкетка ""Венеция""",Прихожая
405,"Кровать двуспальная ""Монако""",Спальня
830,"Тумба прикроватная ""Элегант""",Спальня
51,"Стул барный ""Хай-тек""",Кухня
966,"Стол письменный ""Бюро""",Офис
219,"Шкаф-купе ""Зеркальный""",Спальня
738,"Диван-кровать ""Еврокнижка""",Гостиная
14,"Полка навесная ""Лофт""",Гостиная
582,Комод с пеленальным столом,Детская
304,"Кресло компьютерное ""Геймер""",Офис
89,Комод с пеленальным столом,Детская
441,"Стол складной ""Пикник""",Кухня
76,"Винный шкаф ""Бордо""",Кухня
923,"Тумба под раковину ""Аква""",Ванная
138,"Стеллаж металлический ""Архив""",Офис
655,"Кровать-чердак ""Замок""",Детская
27,"Барная стойка ""Лофт""",Кухня
810,"Шкаф детский ""Сказка""",Детская
49,"Стол переговорный ""Босс""",Офис
377,"Диван прямой ""Лофт""",Гостиная
702,"Тумба подкатная ""Мобил""",Офис
166,"Зеркало настенное ""Рама""",Спальня
530,"Кресло руководителя ""Престиж""",Офис
94,"Секция для гостиной ""Стенка""",Гостиная
259,Столик для рисования,Детская
732,"Кресло мягкое ""Релакс""",Гостиная
564,"Кровать-чердак ""Мечта""",Детская
709,"Буфет ""Старина""",Гостиная
250,Пеленальный комод,Детская
620,"Кровать-машина ""Гонщик""",Детская
268,"Детский стул ""Рост""",Детская
102,"Зеркало с подсветкой ""LED""",Ванная
254,Шкаф для одежды 3-дверный,Спальня
864,"Кровать односпальная ""Студент""",Спальня
149,"Детский стол ""Школьник""",Детская
958,"Обувница ""Компакт""",Прихожая
840,Стул барный высокий,Кухня
292,Столик журнальный стеклянный,Гостиная
862,Органайзер настольный,Офис
20,"Кровать двуспальная ""Сон""",Спальня
348,"Банкетка мягкая ""Прованс""",Прихожая
482,"Полотенцедержатель ""Хром""",Ванная
799,Тумба подкатная 3-ящичная,Офис
1042,"Шкаф-купе ""Мирож""",Спальня
88,"Кресло-груша ""Комфорт""",Гостиная
512,Тумба под обувь с сиденьем,Прихожая
333,"Полка настенная ""Лофт""",Гостиная
714,"Кровать-трансформер ""Умница""",Детская
91,"Вешалка настенная ""Ветвь""",Прихожая
206,"Стол-книжка ""Классика""",Кухня
613,"Комод узкий ""Минимал""",Спальня
47,"Стеллаж угловой ""Спектр""",Офис
889,"Диван модульный ""Архипелаг""",Гостиная
158,"Тумба ТВ ""Модерн""",Гостиная
322,"Кресло офисное ""Директор""",Офис
79,"Зеркало напольное ""Рост""",Спальня
545,"Шкаф пенал ""Верона""",Ванная
903,Стол детский регулируемый,Детская
676,"Пуф круглый ""Снежок""",Гостиная
114,"Банкетка ""Венеция""",Прихожая
407,"Кровать двуспальная ""Монако""",Спальня
832,"Тумба прикроватная ""Элегант""",Спальня
53,"Стул барный ""Хай-тек""",Кухня
968,"Стол письменный ""Бюро""",Офис
221,"Шкаф-купе ""Зеркальный""",Спальня
740,"Диван-кровать ""Еврокнижка""",Гостиная
584,Комод с пеленальным столом,Детская
306,"Кресло компьютерное ""Геймер""",Офис
443,"Стол складной ""Пикник""",Кухня
925,"Тумба под раковину ""Аква""",Ванная
140,"Стеллаж металлический ""Архив""",Офис
657,"Кровать-чердак ""Замок""",Детская
812,"Шкаф детский ""Сказка""",Детская
379,"Диван прямой ""Лофт""",Гостиная
704,"Тумба подкатная ""Мобил""",Офис
532,"Кресло руководителя ""Престиж""",Офис
108,"Кухонный гарнитур ""Мини""",Кухня
415,"Пенал для ванной ""Компакт""",Ванная
777,Стол компьютерный с тумбой,Офис
69,"Стул офисный ""Менеджер""",Офис
308,"Диван-кровать ""Аккорд""",Гостиная
288,Стол компьютерный с тумбой,Офис
83,"Шкаф-купе ""Гранд""",Спальня
12,"Стол письменный ""Офис""",Офис
382,"Кресло компьютерное ""Геймер""",Офис
768,Сервировочная тележка,Кухня
143,"Кресло-качалка ""Релакс""",Гостиная
813,"Мольберт детский ""Юный художник""",Детская
453,"Подставка для монитора ""Эрго""",Офис
150,"Кухонный гарнитур ""Мини""",Кухня
37,"Пенал для ванной ""Узкий""",Ванная
373,"Качалка деревянная ""Лошадка""",Детская
792,"Шкаф-пенал для ванной ""Влага""",Ванная
875,"Тумба под раковину ""Сифон""",Ванная
821,"Письменный стол угловой ""Босс""",Офис
770,"Пуф мягкий ""Куб""",Гостиная
718,"Вешалка настенная ""Крючки""",Прихожая
634,"Табурет деревянный ""Классик""",Кухня
277,"Шкаф для игрушек ""Сундук""",Детская
687,"Стол детский с партой ""Парта""",Детская
731,"Стол складной ""Дача""",Кухня
197,"Зеркало в пол ""Роковой""",Прихожая
271,"Барная стойка ""Лофт"" (угловая)",Кухня
860,"Тумба ТВ ""Модерн"" (длинная)",Гостиная
361,"Стеллаж металлический ""Склад""",Офис
805,"Ящик для игрушек ""Мягкий""",Детская
217,"Матрас ортопедический ""Сон""",Спальня
823,"Кресло руководителя ""Престиж"" (экокожа)",Офис
887,"Стол переговорный ""Босс"" (овальный)",Офис
971,"Вешалка напольная ""Дерево""",Прихожая
1024,"Стол раздвижной ""Праздник""",Кухня