id,item_id,item_type,discount_percent
37,739,Материал,0
14,14,Материал,0
23,69,Товар,0
48,189,Материал,0
38,306,Материал,0
28,881,Товар,0
7,7,Операция,0
44,915,Материал,0
33,219,Материал,0
19,19,Материал,0
50,456,Материал,0
20,20,Материал,0
45,542,Материал,0
25,20,Товар,0
2,2,Материал,0
32,671,Материал,0
17,17,Материал,0
21,1,Товар,10
42,724,Материал,0
39,862,Материал,5
36,584,Материал,0
46,273,Материал,10
22,12,Товар,5
4,4,Материал,0
34,953,Материал,10
9,9,Материал,5
16,16,Материал,0
18,18,Материал,0
26,306,Товар,0
12,12,Материал,0
47,668,Материал,0
13,13,Материал,0
35,127,Материал,0
5,5,Материал,0
41,158,Материал,0
24,83,Товар,15
30,887,Товар,0
11,11,Материал,10
31,44,Материал,5
15,15,Материал,0
10,10,Материал,0
1,1,Материал,0
3,3,Материал,0
6,6,Операция,0
8,8,Операция,0
15,15,Материал,0
43,387,Материал,0
27,942,Товар,0
29,398,Товар,0
40,491,Материал,0
49,834,Материал,0