id,product_id,material_id,qty
72,881,21,5
44,20,18,2
13,69,23,1.5
99,306,27,1
56,12,28,1
33,942,13,0.04
82,83,13,0.1
26,398,21,5
67,881,16,1
19,69,28,1
93,306,29,1
47,20,15,8
87,83,9,5
36,942,7,0.02
54,12,20,6
22,398,19,4
11,69,14,0.04
96,306,23,1.2
78,881,10,1.5
59,12,17,2
42,20,23,1.5
85,83,24,2
31,942,20,6
1,1,1,0.012
89,83,12,2
91,306,24,1.2
24,398,16,1
64,12,13,0.05
16,69,24,1.2
53,12,29,1
39,942,15,2
74,881,19,4
21,398,23,1.2
84,83,18,2
49,20,16,1
97,306,25,1
32,942,19,4
68,881,23,1.5
23,398,26,1
58,12,30,1
12,69,27,1
88,83,22,2
43,20,30,1
98,306,28,1
38,942,8,0.03
71,881,13,0.05
27,398,17,2
51,12,27,1
17,69,26,1
86,83,17,8
48,20,21,5
92,306,30,1
37,942,17,2
28,398,24,1.2
52,12,9,3
18,69,11,1
34,20,12,2
41,942,1,0.8
73,881,2,3
29,398,15,4
14,69,29,1
83,83,20,4
46,20,13,0.08
94,306,26,1
69,881,8,0.04
15,69,19,4
81,83,15,6
2,1,2,2
3,1,3,4
4,1,4,4
5,1,5,1
6,1,6,1
7,1,7,1
8,1,8,1